<?xml version="1.0" encoding="UTF-8"?>
<rss version="2.0" xmlns:atom="http://www.w3.org/2005/Atom">
  <channel>
    <title>Intro.js</title>
    <description>Intro.js - Better introductions for websites and features with a step-by-step guide for your projects.</description>
    <link>http://introjs.com/docs/</link>
    <atom:link href="http://introjs.com/docs/feed.xml" rel="self" type="application/rss+xml"/>
    <pubDate>Fri, 24 Mar 2017 21:09:37 +0430</pubDate>
    <lastBuildDate>Fri, 24 Mar 2017 21:09:37 +0430</lastBuildDate>
    <generator>Jekyll v3.1.6</generator>
    
  </channel>
</rss>
